{
  "degree": 2,
  "intercept": -19.288249969482422,
  "coefs": [
    0.0,
    -21.011629104614258,
    4.896796703338623,
    33.54585266113281,
    -33.827964782714844,
    25.393625259399414,
    -17.42669105529785,
    10.714805603027344,
    -37.999046325683594,
    77.77894592285156,
    42.2326774597168,
    -12.43752670288086,
    -54.734066009521484,
    116.93041229248047,
    -72.0918197631836,
    107.63516998291016,
    -86.33145904541016,
    -15.832406044006348,
    50.16149139404297,
    -82.6633529663086,
    80.22113800048828,
    -57.013362884521484,
    16.447158813476562,
    223.5259552001953,
    -180.43495178222656,
    109.2211685180664,
    -130.29078674316406,
    23.600858688354492,
    83.94440460205078,
    -79.96720886230469,
    80.54449462890625,
    -41.081298828125,
    0.9737118482589722,
    -33.09636688232422,
    17.03672218322754,
    30.881799697875977,
    -20.55221176147461,
    70.03521728515625,
    205.53488159179688,
    -242.25184631347656,
    188.86517333984375,
    -24.734792709350586,
    42.44771194458008,
    19.054616928100586,
    -98.86470794677734,
    -8.816295623779297,
    -95.8293685913086,
    76.93096923828125,
    -11.896164894104004,
    31.015050888061523,
    68.15496826171875,
    22.42876625061035,
    30.848007202148438,
    -106.45893096923828,
    83.40093231201172,
    -87.6806869506836,
    -72.67990112304688,
    44.93798828125,
    56.04323196411133,
    188.73069763183594,
    -252.99322509765625,
    266.4873962402344,
    15.567083358764648,
    1.4454739093780518,
    9.51494312286377,
    -87.44527435302734,
    -31.319826126098633,
    -9.044736862182617,
    50.15171432495117,
    -40.6091194152832,
    28.943941116333008,
    156.9073028564453,
    -134.79075622558594,
    47.95777893066406,
    -21.144454956054688,
    49.6602783203125,
    -48.51551818847656,
    -57.58802795410156,
    -32.30204772949219,
    189.7864990234375,
    -206.6885223388672,
    121.1712875366211,
    -87.78227233886719,
    69.43592834472656
  ],
  "feature_names": [
    "1",
    "x0",
    "x1",
    "x2",
    "x0^2",
    "x0 x1",
    "x0 x2",
    "x1^2",
    "x1 x2",
    "x2^2",
    "x0^3",
    "x0^2 x1",
    "x0^2 x2",
    "x0 x1^2",
    "x0 x1 x2",
    "x0 x2^2",
    "x1^3",
    "x1^2 x2",
    "x1 x2^2",
    "x2^3",
    "x0^4",
    "x0^3 x1",
    "x0^3 x2",
    "x0^2 x1^2",
    "x0^2 x1 x2",
    "x0^2 x2^2",
    "x0 x1^3",
    "x0 x1^2 x2",
    "x0 x1 x2^2",
    "x0 x2^3",
    "x1^4",
    "x1^3 x2",
    "x1^2 x2^2",
    "x1 x2^3",
    "x2^4",
    "x0^5",
    "x0^4 x1",
    "x0^4 x2",
    "x0^3 x1^2",
    "x0^3 x1 x2",
    "x0^3 x2^2",
    "x0^2 x1^3",
    "x0^2 x1^2 x2",
    "x0^2 x1 x2^2",
    "x0^2 x2^3",
    "x0 x1^4",
    "x0 x1^3 x2",
    "x0 x1^2 x2^2",
    "x0 x1 x2^3",
    "x0 x2^4",
    "x1^5",
    "x1^4 x2",
    "x1^3 x2^2",
    "x1^2 x2^3",
    "x1 x2^4",
    "x2^5",
    "x0^6",
    "x0^5 x1",
    "x0^5 x2",
    "x0^4 x1^2",
    "x0^4 x1 x2",
    "x0^4 x2^2",
    "x0^3 x1^3",
    "x0^3 x1^2 x2",
    "x0^3 x1 x2^2",
    "x0^3 x2^3",
    "x0^2 x1^4",
    "x0^2 x1^3 x2",
    "x0^2 x1^2 x2^2",
    "x0^2 x1 x2^3",
    "x0^2 x2^4",
    "x0 x1^5",
    "x0 x1^4 x2",
    "x0 x1^3 x2^2",
    "x0 x1^2 x2^3",
    "x0 x1 x2^4",
    "x0 x2^5",
    "x1^6",
    "x1^5 x2",
    "x1^4 x2^2",
    "x1^3 x2^3",
    "x1^2 x2^4",
    "x1 x2^5",
    "x2^6"
  ],
  "mse_logit": 8.573605211214316,
  "mse_proba": 0.02613656892684085,
  "r2_logit": 0.8525535365810889,
  "r2_proba": 0.8807894888983684,
  "n_grid": 500,
  "n_x2_zero": 10000,
  "n_x0_zero": 10000,
  "n_boundary": 20000,
  "boundary_width": 0.05,
  "base_model": "/home/oscar/chr/sex-check/sexcheck/models/zot-catboost-13.onnx"
}